Date, Close/Last, Volume, Open, High, Low
01/29/2021, $132.91, 918029, $137.67, $137.67, $131.97
01/28/2021, $138.33, 3847704, $133.9, $141.67, $131
01/27/2021, $120.83, 1065029, $127, $128.442, $120.83
01/26/2021, $129.52, 698737, $131.19, $131.95, $128.34
01/25/2021, $130.88, 633237, $132.37, $132.83, $127.78
01/22/2021, $130.88, 540885, $129.48, $131.27, $128.01
01/21/2021, $129.56, 746677, $131.64, $132.33, $128.46
01/20/2021, $130.39, 935145, $127, $130.53, $126.28
01/19/2021, $125.55, 795160, $125.32, $126.64, $124.01
01/15/2021, $124.12, 416096, $124.73, $125.11, $122.72
01/14/2021, $124.6, 475888, $124.16, $124.85, $123.53
01/13/2021, $124.51, 613455, $128.93, $128.95, $124.48
01/12/2021, $128.5, 519538, $130.11, $130.95, $128
01/11/2021, $129.16, 945989, $126.27, $129.87, $126.26
01/08/2021, $127.94, 1010310, $125.82, $129.26, $125.82
01/07/2021, $125.45, 706122, $119.76, $125.53, $119.76
01/06/2021, $119, 1352024, $118.03, $121.125, $117.02
01/05/2021, $118.51, 490316, $118.06, $119.87, $117.365
01/04/2021, $118.18, 710615, $120.07, $120.64, $116.02
12/31/2020, $119.61, 377783, $119.6, $120.265, $118.71
12/30/2020, $119.51, 283281, $118.76, $120.16, $118.3
12/29/2020, $117.77, 293448, $118.8, $118.94, $116.98
12/28/2020, $118.81, 392789, $121.36, $121.75, $118
12/24/2020, $119.85, 189409, $119.82, $120.18, $119.04
12/23/2020, $119.17, 392551, $119.98, $121.245, $118.87
12/22/2020, $120.02, 439212, $120.49, $121.55, $119.58
12/21/2020, $120.14, 730441, $116.74, $120.37, $115.85
12/18/2020, $118.39, 1858581, $119.37, $119.97, $117.39
12/17/2020, $118.47, 835874, $116, $118.52, $115.65
12/16/2020, $115.07, 989973, $115.42, $116.79, $114.19
12/15/2020, $114.05, 649312, $114.3, $115.5, $113.01
12/14/2020, $113.83, 746012, $113.2, $116.23, $112.94
12/11/2020, $112.98, 706090, $111.9, $113.68, $111.775
12/10/2020, $112.66, 535148, $111.13, $113.04, $110
12/09/2020, $111.57, 723577, $113.24, $114.03, $110.78
12/08/2020, $111.3, 321065, $111.64, $112.04, $111
12/07/2020, $111.15, 410030, $110.26, $111.5, $109.1001
12/04/2020, $109.6, 596879, $108.45, $110.09, $108.45
12/03/2020, $107.98, 462640, $107.06, $109.32, $107.01
12/02/2020, $107.26, 597532, $107.59, $107.74, $106.35
12/01/2020, $108.53, 730131, $108.27, $108.93, $106.95
11/30/2020, $107.85, 914335, $109.51, $110.625, $107.57
11/27/2020, $108.61, 387145, $106.12, $108.8, $106.04
11/25/2020, $105.96, 645336, $104.25, $106.3, $103.62
11/24/2020, $103.91, 626939, $104, $104.12, $102.21
11/23/2020, $103.19, 475666, $102.08, $103.695, $101
11/20/2020, $101.14, 466678, $100, $102.03, $99.35
11/19/2020, $100.21, 613847, $97.92, $100.34, $97.34
11/18/2020, $98.33, 681092, $98.98, $99.95, $97.77
11/17/2020, $99.13, 883039, $97.06, $99.87, $97.06
11/16/2020, $98.52, 697085, $96.59, $99.2321, $95.6
11/13/2020, $97.21, 453302, $94.91, $97.57, $94.45
11/12/2020, $94.68, 516892, $95.38, $96.96, $94.14
11/11/2020, $95.31, 680665, $95, $96.67, $94.59
11/10/2020, $94.24, 764427, $92.69, $94.46, $89.985
11/09/2020, $92.91, 926898, $96.66, $97.28, $92.73
11/06/2020, $94.84, 478113, $94, $95.64, $92.735
11/05/2020, $93.94, 719865, $93.32, $94.69, $93.215
11/04/2020, $92.36, 1004466, $92, $93.28, $89.68
11/03/2020, $92.16, 1104272, $87.63, $92.74, $86.49
11/02/2020, $86.88, 761633, $84.6, $87.18, $84.0214
10/30/2020, $83.88, 1061677, $83.25, $85.28, $82.045
10/29/2020, $85.87, 2007991, $80, $87.55, $79.5
10/28/2020, $82.47, 1636208, $82.26, $87.68, $79.36
10/27/2020, $84.26, 720432, $84.25, $85.99, $83.72
10/26/2020, $83.67, 1262464, $88.08, $88.6, $82.4
10/23/2020, $89.25, 623118, $87.17, $89.38, $86.54
10/22/2020, $86.79, 494855, $86.86, $87.68, $85.865
10/21/2020, $86.98, 375753, $87.17, $88.365, $86.59
10/20/2020, $87.19, 476836, $86.89, $87.98, $86.52
10/19/2020, $86.44, 458933, $88.22, $89.26, $85.88
10/16/2020, $87.62, 776767, $88, $88.88, $87.5
10/15/2020, $87.79, 568836, $84.31, $87.94, $84.01
10/14/2020, $85.78, 539298, $88.57, $88.6, $85.67
10/13/2020, $87.39, 736601, $87.94, $89.45, $87.16
10/12/2020, $87.5, 463283, $86.86, $87.83, $85.91
10/09/2020, $85.94, 455720, $84.51, $86.55, $84.51
10/08/2020, $84.06, 654650, $83.93, $85.21, $83.105
10/07/2020, $83.21, 1032077, $82, $83.36, $81.12
10/06/2020, $81.22, 814595, $82.72, $84.49, $81.03
10/05/2020, $82.72, 800745, $83, $83.72, $82.08
10/02/2020, $82.16, 667049, $81.92, $83.34, $81.17
10/01/2020, $84.13, 851237, $83.66, $84.52, $83.205
09/30/2020, $82.72, 935942, $82.35, $83.41, $81.68
09/29/2020, $82.35, 603827, $83.14, $84.51, $82.3
09/28/2020, $82.9, 542925, $83.34, $83.55, $82.27
09/25/2020, $81.68, 1240653, $80.15, $82.32, $79.51
09/24/2020, $80.28, 1110106, $81.26, $81.755, $79.71
09/23/2020, $81.7, 705568, $85.62, $85.76, $81.44
09/22/2020, $85.85, 598359, $85.88, $86.59, $84.68
09/21/2020, $85.33, 685717, $84.37, $85.35, $82.87
09/18/2020, $86.11, 1475623, $86.74, $87.94, $84.59
09/17/2020, $86.7, 804880, $85.84, $86.72, $85.06
09/16/2020, $87.8, 574152, $89.35, $89.6011, $87.66
09/15/2020, $88.32, 780270, $86.25, $88.49, $86.12
09/14/2020, $85.4, 762797, $83.32, $85.74, $83
09/11/2020, $82.3, 1402953, $83.77, $84.17, $80.94
09/10/2020, $83.77, 1507264, $88.74, $91.28, $83.64
09/09/2020, $88.6, 500651, $87.74, $89.3096, $87.05
09/08/2020, $86.71, 1037649, $83.9929, $88.62, $83.9929
09/04/2020, $87.69, 1166076, $92.04, $92.06, $86.915
09/03/2020, $92.64, 1035899, $96.12, $96.59, $91.82
09/02/2020, $97.6, 748349, $95.32, $97.67, $94.765
09/01/2020, $95.44, 773951, $91.5, $95.59, $91.38
08/31/2020, $91.41, 763788, $91.15, $91.94, $90.5015
08/28/2020, $91.15, 381080, $89.87, $91.25, $89.74
08/27/2020, $89.42, 629278, $89.75, $89.94, $88.27
08/26/2020, $89.78, 894250, $89.54, $90.55, $87.65
08/25/2020, $88.14, 485846, $86.85, $88.2, $86.68
08/24/2020, $87.1, 516869, $87.84, $88.025, $86.35
08/21/2020, $87.36, 1039734, $87.92, $87.92, $86.74
08/20/2020, $88.03, 440277, $88.4, $88.425, $87.61
08/19/2020, $88.54, 784302, $89.84, $90.36, $88.46
08/18/2020, $89.85, 839882, $88.82, $90.53, $88.69
08/17/2020, $88.22, 545065, $88, $88.92, $87.85
08/14/2020, $87.48, 551137, $87.72, $88.01, $86.86
08/13/2020, $88.06, 711286, $86, $89.15, $85.92
08/12/2020, $85.92, 461220, $85.23, $86.83, $85.13
08/11/2020, $84.8, 577944, $86, $86.68, $84.64
08/10/2020, $85.9, 417151, $86.57, $86.96, $84.81
08/07/2020, $86.94, 533659, $88, $88.61, $86.03
08/06/2020, $88.59, 542051, $87.95, $88.73, $87.05
08/05/2020, $87.88, 481775, $87, $88.85, $87
08/04/2020, $86.6, 562826, $86.37, $86.96, $85.37
08/03/2020, $86.35, 693299, $85.98, $86.99, $85.77
07/31/2020, $85.56, 994132, $88, $88.8, $83.74
07/30/2020, $85.58, 1270134, $86.48, $86.79, $82.12
07/29/2020, $84.03, 608609, $83, $84.73, $83
07/28/2020, $82.25, 610050, $84, $84.0975, $82.09
07/27/2020, $83.14, 623809, $83, $83.56, $81.01
07/24/2020, $81.46, 702043, $82.6, $83.09, $80.735
07/23/2020, $83.61, 624466, $83.51, $85.43, $82.87
07/22/2020, $83.83, 408043, $84.16, $84.59, $83.51
07/21/2020, $83.15, 642654, $84.91, $85.06, $83
07/20/2020, $83.03, 589039, $81.08, $83.24, $81.06
07/17/2020, $80.75, 768347, $81.02, $81.32, $79.99
07/16/2020, $80.36, 1066182, $82.65, $82.65, $79.305
07/15/2020, $80.28, 568519, $79.78, $80.92, $78.825
07/14/2020, $78.41, 1226597, $77.98, $78.6, $76.15
07/13/2020, $78.23, 782836, $83.38, $83.465, $78.17
07/10/2020, $82.89, 782226, $85, $85.24, $82.59
07/09/2020, $85, 1678417, $82, $86.03, $81.3
07/08/2020, $78.5, 625229, $77.1, $78.56, $76.76
07/07/2020, $76.59, 744723, $78.3, $79.095, $76.42
07/06/2020, $79.08, 691616, $79.52, $80.32, $78.65
07/02/2020, $78.27, 709594, $79.51, $80.23, $78.07
07/01/2020, $78.44, 801121, $77.93, $79.75, $77.36
06/30/2020, $77.79, 975037, $76.57, $78.23, $75.74
06/29/2020, $76.44, 683352, $76.09, $77.03, $74.18
06/26/2020, $75.53, 1006732, $77.1, $77.4418, $75.46
06/25/2020, $77.36, 625722, $76.4, $77.38, $75.65
06/24/2020, $76.92, 566828, $79.16, $79.67, $76.84
06/23/2020, $79.57, 617799, $79.79, $81.71, $79.45
06/22/2020, $78.93, 412593, $78.32, $78.96, $77.22
06/19/2020, $78.71, 880871, $80.11, $80.64, $77.79
06/18/2020, $79.065, 426622, $78.39, $79.38, $78.25
06/17/2020, $79.17, 624526, $80, $80.305, $79.07
06/16/2020, $79.57, 692975, $79.4, $80.8, $78.305
06/15/2020, $77.26, 503844, $73.56, $77.46, $73.41
06/12/2020, $75.16, 1127801, $75.04, $76.655, $73.3
06/11/2020, $72.62, 1009826, $78.81, $78.81, $72.27
06/10/2020, $81.21, 720094, $82.12, $83.06, $80.91
06/09/2020, $81.54, 859507, $82.76, $82.76, $81.44
06/08/2020, $83.42, 1040696, $84.14, $84.36, $82.514
06/05/2020, $83.74, 696613, $81.8, $84.485, $81.04
06/04/2020, $80.26, 576395, $80.1, $80.97, $79.67
06/03/2020, $80.94, 488440, $79.56, $81.03, $79.11
06/02/2020, $79.5, 614990, $79.34, $80.35, $78.13
06/01/2020, $79.08, 820469, $76.56, $79.44, $76.26
05/29/2020, $76.38, 920551, $74.88, $76.57, $74.1201
05/28/2020, $74.9, 684091, $75.62, $76.62, $74.77
05/27/2020, $74.94, 661992, $74.9, $75.04, $72.005
05/26/2020, $73.32, 907611, $71.35, $73.65, $70.61
05/22/2020, $70.21, 362838, $70.16, $70.5175, $69.09
05/21/2020, $69.89, 453420, $70.39, $71.08, $69.66
05/20/2020, $70.43, 468166, $69.51, $71.51, $69.51
05/19/2020, $68.91, 632235, $69, $70.42, $68.58
05/18/2020, $68.97, 820864, $66.58, $69.42, $66.58
05/15/2020, $65, 373615, $64.65, $65.69, $64.1
05/14/2020, $64.96, 735783, $62.06, $65.21, $60.98
05/13/2020, $63.29, 1013237, $68.01, $68.39, $62.46
05/12/2020, $68.51, 684349, $71.97, $72.66, $68.34
05/11/2020, $72.22, 1187660, $71.23, $72.82, $70.66
05/08/2020, $71.55, 647117, $71.72, $72.26, $70.6
05/07/2020, $70.86, 873076, $71.25, $72.35, $70.66
05/06/2020, $70.41, 812298, $71.21, $71.54, $69.77
05/05/2020, $70.32, 961732, $68.54, $70.7, $67.04
05/04/2020, $67.19, 859104, $64.98, $67.47, $64.36
05/01/2020, $66.38, 1017516, $68.22, $69.16, $65.69
04/30/2020, $69.25, 2280220, $70.11, $71.28, $64.5
04/29/2020, $69.96, 1552990, $68, $70.56, $67.36
04/28/2020, $66.37, 1070606, $67.49, $68.24, $66.105
04/27/2020, $66.28, 468824, $65.77, $66.69, $65.42
04/24/2020, $65, 596542, $64.76, $65.32, $63.835
04/23/2020, $64.33, 792660, $64.82, $66.51, $64.17
04/22/2020, $64.77, 482325, $64.52, $65.125, $63.01
04/21/2020, $62.97, 515087, $65.56, $66.27, $62.72
04/20/2020, $66.99, 532229, $64.89, $67.88, $64.66
04/17/2020, $66.66, 768462, $66.81, $68.69, $66.25
04/16/2020, $65.7, 1205250, $64.57, $65.98, $63.64
04/15/2020, $64.47, 1382824, $62.28, $64.95, $61.86
04/14/2020, $64.5, 588569, $63.39, $65.01, $63.39
04/13/2020, $62.35, 375227, $63.48, $63.48, $61.53
04/09/2020, $63.94, 884020, $63.77, $65.28, $62.49
04/08/2020, $62.45, 571489, $60.38, $62.92, $59.325
04/07/2020, $59.31, 834656, $62.39, $62.59, $58.88
04/06/2020, $59.59, 946767, $58.02, $60.17, $57.68
04/03/2020, $55, 744800, $54.68, $56.52, $54.5
04/02/2020, $54.88, 1216125, $55.56, $56.34, $52.96
04/01/2020, $56.3, 1506923, $58.62, $60.21, $55.52
03/31/2020, $61.21, 1779219, $59.46, $62.38, $58.56
03/30/2020, $59.27, 840442, $59.24, $62.46, $58.19
03/27/2020, $59.01, 1002388, $58.94, $60.11, $54.65
03/26/2020, $60.97, 1502627, $60.14, $62.72, $58.85
03/25/2020, $58.77, 1691837, $54.76, $61, $52.65
03/24/2020, $53.79, 1849986, $51.14, $54.66, $50.01
03/23/2020, $48.74, 1408732, $47.9, $49.355, $45.36
03/20/2020, $48.45, 1458079, $50.43, $52.7631, $48.27
03/19/2020, $50.39, 2326427, $47.96, $50.72, $43.9
03/18/2020, $49.06, 2066944, $49.11, $50.5, $45.84
03/17/2020, $52.14, 2016902, $53.61, $54.1499, $49.16
03/16/2020, $52.87, 2098094, $50.31, $53.58, $46.9401
03/13/2020, $56.37, 1524303, $56.32, $57, $52.15
03/12/2020, $54.17, 2104104, $55.42, $56.58, $53.345
03/11/2020, $59.7, 2194172, $59.49, $61.09, $57.83
03/10/2020, $60.9, 1726999, $62.13, $63, $58
03/09/2020, $60.29, 2298894, $61.3, $61.93, $58
03/06/2020, $66.52, 1349677, $67.3, $68.18, $65.29
03/05/2020, $69.43, 1310115, $68.54, $70.18, $67.78
03/04/2020, $70.82, 1660256, $71.42, $72.42, $69.555
03/03/2020, $70.05, 1573850, $74.93, $76.02, $69.57
03/02/2020, $74.68, 1644018, $76.33, $76.72, $72.91
02/28/2020, $75.55, 1309434, $72.88, $76.19, $72.82
02/27/2020, $76.03, 1050746, $77.93, $79.09, $75.19
02/26/2020, $80.43, 743004, $81.72, $83.29, $79.87
02/25/2020, $81.32, 1128039, $86.18, $86.3081, $80.1
02/24/2020, $85.65, 816656, $84.8, $86.1, $83.38
02/21/2020, $88.62, 702830, $88.36, $88.72, $87.18
02/20/2020, $88.38, 420790, $88.31, $89.07, $87.235
02/19/2020, $88.45, 416531, $87.99, $88.56, $87.46
02/18/2020, $87.36, 510930, $87.28, $87.61, $86.52
02/14/2020, $87.35, 362528, $86.89, $87.74, $86.62
02/13/2020, $86.94, 468060, $86.44, $87.675, $86.44
02/12/2020, $87.22, 414076, $86.42, $87.27, $85.97
02/11/2020, $86.08, 380493, $86.54, $86.69, $85.12
02/10/2020, $85.66, 537083, $83.66, $85.71, $83.5
02/07/2020, $84.03, 529375, $85.54, $85.57, $83.94
02/06/2020, $85.82, 409283, $86.44, $86.79, $85.66
02/05/2020, $86.38, 381181, $88.04, $88.04, $85.92
02/04/2020, $87.11, 459987, $85.9, $87.25, $85.43
02/03/2020, $84.91, 578693, $83.13, $85.235, $82.96
01/31/2020, $83.12, 926685, $84.71, $85.16, $82.66
01/30/2020, $84.79, 589823, $84.15, $84.88, $83.26
01/29/2020, $83.43, 553961, $84.62, $85.42, $82.95
01/28/2020, $84.41, 1120984, $84.73, $85.89, $84.13
01/27/2020, $84.2, 1000507, $84.25, $84.74, $83.05
01/24/2020, $86.05, 1538227, $85.59, $88.354, $85.25
01/23/2020, $85.07, 3297932, $85.51, $88.86, $82.88
01/22/2020, $79.95, 1099604, $79.39, $80.76, $79.09
01/21/2020, $78.87, 881432, $79.9, $80.34, $78.69
01/17/2020, $80.14, 708033, $81.07, $81.99, $79.59
01/16/2020, $80.82, 817785, $79.86, $81.12, $79.73
01/15/2020, $79.17, 1278947, $78.04, $79.565, $78.04
01/14/2020, $77.97, 651480, $77.11, $78.14, $76.75
01/13/2020, $77.22, 520227, $76.74, $77.28, $76.58
01/10/2020, $76.75, 397369, $77.53, $77.87, $76.47
01/09/2020, $77.33, 538585, $77.87, $78.19, $76.875
01/08/2020, $76.98, 742997, $75.99, $77.49, $75.555
01/07/2020, $75.92, 400188, $76.13, $76.98, $75.62
01/06/2020, $76.27, 380525, $74.76, $76.31, $74.61
01/03/2020, $75.425, 311155, $75.34, $75.77, $74.88
01/02/2020, $76.37, 538683, $75.43, $76.9, $74.98
12/31/2019, $74.89, 437841, $74.95, $75.445, $74.73
12/30/2019, $75.29, 306531, $75.83, $75.9, $74.6
12/27/2019, $75.78, 436296, $75.98, $75.98, $75.055
12/26/2019, $75.61, 263238, $74.43, $75.68, $74.43
12/24/2019, $74.43, 142977, $74.84, $75.37, $74.37
12/23/2019, $74.58, 889985, $74.27, $75.17, $73.65
12/20/2019, $74.14, 1577056, $74.67, $74.71, $73.91
12/19/2019, $74.48, 677030, $74.39, $74.62, $73.5
12/18/2019, $74.06, 502034, $73.67, $74.58, $73.325
12/17/2019, $73.77, 524447, $74.43, $74.51, $73.61
12/16/2019, $74.38, 1098982, $74.99, $75.59, $74.29
12/13/2019, $74.63, 585312, $73.53, $74.95, $73.15
12/12/2019, $73.44, 601218, $73.73, $74.34, $72.86
12/11/2019, $73.93, 426753, $74.78, $74.85, $73.81
12/10/2019, $74.9, 393679, $75.81, $76.21, $74.69
12/09/2019, $76.09, 561203, $75.69, $76.76, $75.525
12/06/2019, $75.71, 363722, $76.83, $76.83, $75.7
12/05/2019, $75.76, 463004, $75.43, $75.77, $74.76
12/04/2019, $75.02, 685352, $76.07, $76.4, $75.02
12/03/2019, $75.76, 912179, $74.96, $75.93, $74.11
12/02/2019, $75.92, 613982, $76.51, $77.27, $75.69
11/29/2019, $76.6, 367427, $77.14, $77.85, $76.58
11/27/2019, $77.09, 819920, $75.2, $77.11, $74.93
11/26/2019, $75.48, 691261, $74.79, $75.57, $74.38
11/25/2019, $74.65, 878108, $75.5, $75.88, $74.55
11/22/2019, $75.14, 998193, $75.15, $75.47, $74.98
11/21/2019, $75.08, 583978, $75.2, $75.7, $74.275
11/20/2019, $74.93, 1185341, $73.25, $75.07, $73.245
11/19/2019, $73.5, 519312, $73.29, $74.06, $71.42
11/18/2019, $72.81, 957848, $73.39, $73.77, $72
11/15/2019, $74.09, 1355284, $74.04, $74.305, $73.24
11/14/2019, $73.64, 598706, $74.28, $74.61, $73.1
11/13/2019, $74.19, 810305, $72.74, $74.56, $72.69
11/12/2019, $73.27, 503050, $73.28, $73.75, $72.83
11/11/2019, $73.18, 314886, $72.64, $73.7, $72.64
11/08/2019, $73.23, 555295, $72.52, $73.5764, $71.89
11/07/2019, $72.8, 930913, $72.22, $73.515, $71.9757
11/06/2019, $71.77, 1110966, $72.91, $72.92, $71.66
11/05/2019, $73.17, 1616102, $71.23, $73.2, $71.135
11/04/2019, $70.76, 1040321, $70.25, $71.21, $70.14
11/01/2019, $69.6, 958705, $67.35, $69.64, $67.235
10/31/2019, $66.91, 851240, $66.63, $67.25, $66.36
10/30/2019, $66.82, 1301699, $64.88, $66.97, $64.01
10/29/2019, $64.21, 3076916, $67.4, $67.4, $63.44
10/28/2019, $67.41, 1412081, $67.93, $68.74, $67.02
10/25/2019, $67.75, 1481244, $69.46, $69.8917, $67.59
10/24/2019, $69.95, 4613397, $77, $77.75, $68.745
10/23/2019, $66.89, 1021836, $66.09, $67.19, $65.46
10/22/2019, $65.94, 849614, $66.23, $67.16, $65.515
10/21/2019, $66.12, 1604599, $64.63, $66.55, $64.2
10/18/2019, $64.38, 1365426, $64.31, $65.19, $63.21
10/17/2019, $64.45, 853388, $64.88, $65.65, $64.3
10/16/2019, $64.73, 806294, $64.1, $64.79, $63.41
10/15/2019, $65, 690837, $65.92, $66.035, $64.98
10/14/2019, $65.43, 1112023, $64.49, $65.85, $64.04
10/11/2019, $64.46, 1529463, $64.38, $65.89, $64.025
10/10/2019, $62.99, 1519141, $62.85, $63.99, $62.19
10/09/2019, $63.23, 674229, $63.56, $64.21, $63.19
10/08/2019, $62.71, 1105391, $63.75, $64.07, $62.4
10/07/2019, $64.55, 549211, $65.59, $65.61, $64.5
10/04/2019, $65.65, 571566, $65.73, $66.3, $64.825
10/03/2019, $65.22, 639833, $64.25, $65.85, $63.52
10/02/2019, $64.48, 952031, $65.09, $65.2329, $63.65
10/01/2019, $66.04, 689969, $68.69, $69.43, $65.675
09/30/2019, $68.18, 610109, $67.41, $68.6, $66.895
09/27/2019, $67.39, 682049, $67.79, $68.37, $66.6
09/26/2019, $67.36, 828189, $67.16, $67.77, $66.35
09/25/2019, $66.98, 660609, $66.15, $67.18, $65.31
09/24/2019, $66.4, 572783, $67.83, $68.04, $66.14
09/23/2019, $67.51, 992046, $67.66, $67.78, $66.29
09/20/2019, $67.72, 1445467, $67.76, $68.34, $67.46
09/19/2019, $67.58, 663959, $67.28, $67.75, $66.96
09/18/2019, $67, 724245, $67.13, $67.45, $65.96
09/17/2019, $67.46, 505885, $67.29, $67.53, $66.27
09/16/2019, $67.25, 479895, $66.22, $67.58, $65.885
09/13/2019, $66.55, 809007, $66.72, $68.15, $66.36
09/12/2019, $66.4, 1323764, $67.32, $67.4, $66.12
09/11/2019, $66.74, 871868, $67.29, $68, $66.63
09/10/2019, $67.01, 1080376, $67.89, $67.89, $66.34
09/09/2019, $68.15, 1184141, $67.7, $68.18, $67.03
09/06/2019, $67.13, 729047, $66.92, $67.69, $66.26
09/05/2019, $66.94, 891435, $65.54, $67.175, $65.05
09/04/2019, $64.22, 956975, $64.55, $64.65, $63.65
09/03/2019, $63.51, 1344869, $64.9, $65.41, $62.81
08/30/2019, $65.47, 706563, $66.23, $66.77, $65.015
08/29/2019, $65.67, 860664, $65.93, $66.205, $65.41
08/28/2019, $64.93, 800624, $63.45, $65.07, $62.75
08/27/2019, $64.92, 1026248, $66.06, $66.0899, $64.7
08/26/2019, $65.26, 1148521, $66.18, $66.24, $64.96
08/23/2019, $65.12, 1103612, $66.99, $67.99, $65.03
08/22/2019, $67.37, 1154376, $69.39, $69.39, $66.9
08/21/2019, $67.92, 1551856, $67.52, $68.47, $66.57
08/20/2019, $66.61, 1195297, $66.64, $66.84, $66.01
08/19/2019, $66.89, 1710626, $66.53, $67.13, $65.81
08/16/2019, $65.38, 834016, $64.48, $65.46, $64.265
08/15/2019, $63.71, 1344676, $64.03, $64.23, $62.42
08/14/2019, $63.93, 1312377, $64.52, $64.52, $62.05
08/13/2019, $65.8, 904386, $64.43, $66.465, $64.43
08/12/2019, $64.65, 967593, $65.98, $65.98, $64.32
08/09/2019, $66.48, 997586, $66.46, $67.3, $65.84
08/08/2019, $66.96, 1414168, $65.76, $67.01, $65.3
08/07/2019, $65.08, 1514614, $64.06, $65.37, $64.02
08/06/2019, $65.53, 1879660, $65.77, $66.23, $64.8063
08/05/2019, $64.83, 2009230, $66.35, $66.41, $64.255
08/02/2019, $67.27, 1602249, $67.45, $68.01, $66.55
08/01/2019, $67.81, 2232673, $67.58, $68.52, $67.38
07/31/2019, $67.78, 3599548, $69.14, $69.42, $66.73
07/30/2019, $69.06, 1600406, $69.98, $70.41, $68.58
07/29/2019, $70.47, 2004172, $73.06, $73.263, $69.9205
07/26/2019, $73.36, 2001803, $73.43, $74.57, $72.56
07/25/2019, $72.9, 10353600, $77.26, $77.75, $72.87
07/24/2019, $91.6, 1723530, $90.07, $92.47, $90.07
07/23/2019, $90.6, 762876, $90, $90.73, $89.1
07/22/2019, $89.71, 1668742, $88.55, $90.005, $87.69
07/19/2019, $87.99, 1475203, $88.8, $89.38, $87.98
07/18/2019, $88.48, 563299, $89.51, $89.55, $88.39
07/17/2019, $89.63, 701390, $89.34, $90.32, $88.94
07/16/2019, $89.5, 540814, $90.4, $90.47, $89.34
07/15/2019, $90.42, 691512, $91.44, $91.65, $89.96
07/12/2019, $91.07, 693160, $90.61, $91.19, $89.59
07/11/2019, $90.18, 887796, $90.91, $91.56, $89.84
07/10/2019, $91.06, 878503, $90.16, $92.21, $90.13
07/09/2019, $89.57, 1495802, $90.47, $90.9, $88.25
07/08/2019, $90.77, 1003520, $92.07, $92.52, $90.16
07/05/2019, $92.83, 529955, $91.94, $93.34, $91.04
07/03/2019, $92.97, 436303, $91.37, $93.05, $90.64
07/02/2019, $90.97, 544723, $90.5, $91.14, $90
07/01/2019, $90.67, 642361, $91.4, $91.4, $90.06
06/28/2019, $89.76, 1555632, $88.33, $89.8, $87.53
06/27/2019, $87.71, 749828, $87.73, $88.74, $87.21
06/26/2019, $87.25, 812611, $86.63, $87.56, $86.11
06/25/2019, $86.06, 930491, $89.13, $89.33, $85.86
06/24/2019, $88.7, 762327, $89.33, $89.535, $88.62
06/21/2019, $88.85, 2022847, $89.03, $89.67, $88.19
06/20/2019, $89.49, 1309216, $89.24, $89.94, $88.69
06/19/2019, $87.96, 493685, $86.9, $87.99, $86.385
06/18/2019, $86.55, 624549, $85.31, $86.89, $84.5
06/17/2019, $84.46, 580753, $83.98, $85.2275, $83.92
06/14/2019, $83.9, 1008451, $85.96, $85.96, $83.42
06/13/2019, $86.32, 614206, $87.69, $87.69, $85.89
06/12/2019, $87.47, 818536, $88.26, $88.5, $86.87
06/11/2019, $88.32, 1385464, $91.76, $91.95, $88.22
06/10/2019, $90.77, 1123456, $89.59, $91.67, $88.84
06/07/2019, $88.76, 872930, $87.79, $89.43, $87.2
06/06/2019, $87.14, 1139631, $85.7, $87.37, $85
06/05/2019, $85.99, 620296, $85.16, $86.07, $83.69
06/04/2019, $84.26, 776663, $81.95, $84.33, $81.43
06/03/2019, $80.86, 1287254, $84.27, $84.62, $80.46
05/31/2019, $84.06, 816955, $84.05, $84.8, $83.425
05/30/2019, $85.44, 426804, $84.98, $85.6656, $84.785
05/29/2019, $84.63, 630082, $85.97, $86.04, $84.45
05/28/2019, $86.4, 1397051, $85.74, $87.19, $85.41
05/24/2019, $85.44, 738087, $84.55, $85.95, $84.55
05/23/2019, $84.77, 1145368, $84.83, $85.72, $84.45
05/22/2019, $86.52, 598936, $84.82, $86.86, $84.82
05/21/2019, $85.33, 1375313, $84.87, $85.78, $84.5
05/20/2019, $83.85, 836580, $85.64, $86.01, $83.39
05/17/2019, $86.84, 579993, $87.81, $88.7, $86.76
05/16/2019, $88.55, 787548, $87.24, $90.24, $87.06
05/15/2019, $87.07, 768465, $84.68, $87.53, $84.05
05/14/2019, $85.46, 502645, $84.62, $86.12, $84.35
05/13/2019, $83.93, 806055, $85.25, $86.13, $83.6
05/10/2019, $87.56, 1283124, $86.12, $87.91, $84.95
05/09/2019, $86.33, 1514646, $85.25, $86.9, $84.11
05/08/2019, $86.48, 892077, $86.07, $87.58, $86.07
05/07/2019, $86.37, 1265804, $87.08, $87.6, $85.19
05/06/2019, $88.29, 750470, $86.2, $88.65, $85.9436
05/03/2019, $88.42, 1014456, $88.45, $89.24, $88.05
05/02/2019, $87.87, 1628779, $87.91, $88.38, $86.72
05/01/2019, $87.93, 2508409, $90.74, $90.74, $87.64
04/30/2019, $90.47, 1081793, $90.7, $91.54, $89.86
04/29/2019, $90.99, 1381204, $92.18, $93.24, $90.55
04/26/2019, $92.18, 1569462, $91, $92.44, $90.72
04/25/2019, $90.83, 6236062, $92, $93.04, $89.77
04/24/2019, $101.89, 1521277, $100.56, $102.47, $100.22
04/23/2019, $100.82, 1190780, $99.91, $101.54, $99.39
04/22/2019, $99.48, 1177598, $97.19, $99.74, $97.19
04/18/2019, $97.6, 1043357, $96.52, $97.66, $95.64
04/17/2019, $96.23, 725540, $98.11, $98.11, $95.86
04/16/2019, $97.33, 845189, $98.47, $98.47, $96.91
04/15/2019, $97.99, 703486, $98.47, $99.26, $97.85
04/12/2019, $98.59, 1192750, $98.16, $99.61, $97.68
04/11/2019, $97.07, 832452, $95.57, $97.16, $95.44
04/10/2019, $95.18, 1040405, $94.43, $95.88, $94.22
04/09/2019, $94.1, 1119473, $93.75, $94.85, $93.75
04/08/2019, $94.27, 1049271, $94.29, $94.39, $92.87
04/05/2019, $94.16, 732858, $93.86, $94.48, $93.63
04/04/2019, $93.69, 837698, $95.4, $95.4756, $92.39
04/03/2019, $95.21, 951371, $95.33, $96.03, $94.83
04/02/2019, $95.01, 978295, $94.97, $95.63, $94.37
04/01/2019, $94.96, 930315, $93.2, $94.98, $92.695
03/29/2019, $92.18, 867058, $91.27, $92.39, $90.98
03/28/2019, $90.38, 712448, $90.4, $91.145, $89.46
03/27/2019, $90.04, 1411388, $92.84, $92.84, $89.28
03/26/2019, $92.72, 816157, $92.8, $93.715, $92.01
03/25/2019, $92.01, 1130449, $92.73, $93.43, $91.85
03/22/2019, $93.12, 1846971, $94.26, $94.93, $92.69
03/21/2019, $94.96, 735429, $92.57, $94.99, $92.44
03/20/2019, $92.98, 761548, $92.44, $93.89, $91.95
03/19/2019, $92.6, 779351, $92.41, $92.82, $91.35
03/18/2019, $91.83, 894233, $91.47, $92.07, $90.95
03/15/2019, $91.2, 1082697, $91.56, $92.1, $90.925
03/14/2019, $91.66, 1297241, $91.02, $91.99, $90.78
03/13/2019, $91.26, 947985, $90.71, $92.29, $90.45
03/12/2019, $90.2, 1207620, $90.53, $90.77, $89.78
03/11/2019, $90.42, 790251, $89, $90.73, $88.17
03/08/2019, $88.46, 1005543, $88.45, $88.77, $87.846
03/07/2019, $89.64, 875671, $89.83, $90.45, $88.98
03/06/2019, $89.96, 842570, $90.5, $91.3, $89.68
03/05/2019, $90.61, 1112838, $91.38, $92, $90.59
03/04/2019, $91.27, 1317403, $94, $94.075, $90.47
03/01/2019, $93.62, 1182277, $93.73, $94.02, $92.61
02/28/2019, $92.82, 746902, $93.56, $93.93, $92.73
02/27/2019, $93.53, 666016, $92.75, $93.79, $92.38
02/26/2019, $93.1, 715435, $93.04, $93.45, $92.32
02/25/2019, $93.2, 819710, $93.67, $94.47, $92.98
02/22/2019, $92.98, 679008, $92.24, $93, $92
02/21/2019, $91.7, 825109, $91.8, $92.33, $90.74
02/20/2019, $91.83, 981932, $92.58, $93.035, $90.92
02/19/2019, $92.62, 1443272, $91.28, $93.3, $90.99
02/15/2019, $91.93, 1340108, $91.18, $92, $90.75
02/14/2019, $90.99, 1907097, $89.98, $91.27, $89.75
02/13/2019, $90.35, 1254336, $89.66, $90.695, $89.25
02/12/2019, $89, 1088769, $88.54, $89.3, $87.51
02/11/2019, $87.81, 1109481, $87.84, $88.45, $87.025
02/08/2019, $87.26, 950333, $85.53, $87.31, $85.435
02/07/2019, $86.46, 779261, $86.04, $86.75, $85.18
02/06/2019, $86.89, 875049, $87.58, $87.88, $85.98
02/05/2019, $87.72, 1449895, $89.47, $91.47, $86.5
02/04/2019, $86.67, 1216678, $84.79, $86.975, $84.79
02/01/2019, $84.8, 1018951, $84.67, $85.77, $84.24
01/31/2019, $84.79, 1404236, $85.23, $85.565, $84.12
01/30/2019, $85.23, 1834593, $82.59, $85.335, $82.26
01/29/2019, $82.22, 1621178, $81.33, $82.63, $80.57
01/28/2019, $81.43, 1421848, $80.44, $81.79, $80.05
01/25/2019, $81.45, 2264345, $80.43, $83.36, $79.9
01/24/2019, $79.75, 5404520, $79.31, $80.44, $77.26
01/23/2019, $84.64, 2421345, $86.27, $87.16, $84.22
01/22/2019, $85.81, 1446905, $87, $87.965, $85.77
01/18/2019, $87.68, 1580136, $88.25, $89.33, $87.65
01/17/2019, $87.55, 901026, $86.68, $88.64, $86.68
01/16/2019, $87.42, 574712, $86.82, $87.97, $86.62
01/15/2019, $86.34, 665597, $85.58, $87.1133, $85.02
01/14/2019, $85, 838355, $85.37, $85.82, $84.41
01/11/2019, $86.41, 449416, $86.26, $86.99, $85.07
01/10/2019, $86.67, 705907, $84.97, $86.81, $84.895
01/09/2019, $85.71, 715696, $84.67, $86.37, $84.01
01/08/2019, $84.1, 1191560, $83.92, $84.89, $82.88
01/07/2019, $82.51, 951040, $81.99, $83.29, $81.61
01/04/2019, $81.59, 1348090, $79.93, $82.09, $78.74
01/03/2019, $78.16, 1433783, $80.78, $81.47, $77.93
01/02/2019, $81.92, 1133960, $80.88, $82.345, $80.845
12/31/2018, $82.9, 1177121, $83.28, $83.75, $82.16
12/28/2018, $82.34, 933955, $83.77, $84.29, $81.43
12/27/2018, $82.85, 956525, $79.71, $83.02, $79.42
12/26/2018, $81.19, 931993, $77.75, $81.36, $77.09
12/24/2018, $76.71, 652614, $77.83, $79.14, $76.67
12/21/2018, $78.98, 2178566, $82.29, $82.33, $78.54
12/20/2018, $81.55, 1188027, $83.25, $84.73, $80.27
12/19/2018, $83.9, 935937, $83.89, $85.86, $82.38
12/18/2018, $83.53, 987027, $83.61, $84.17, $82.83
12/17/2018, $82.34, 1085963, $84.79, $85.14, $81.43
12/14/2018, $85.02, 918650, $85.2, $87.02, $84.5
12/13/2018, $86.78, 908826, $88.1, $88.445, $86.26
12/12/2018, $86.95, 2041039, $87.3, $88.55, $86.6
12/11/2018, $85.68, 952993, $87.16, $87.65, $84.88
12/10/2018, $85.32, 866418, $83.68, $86.145, $83.015
12/07/2018, $83.78, 830161, $86.99, $87.76, $82.99
12/06/2018, $87.52, 1277866, $85.02, $87.58, $84.206
12/04/2018, $87.37, 1642924, $89.42, $89.98, $85.89
12/03/2018, $90.35, 2550123, $88.81, $91.28, $86.91
11/30/2018, $86.49, 6955537, $87.93, $89.045, $86.49
11/29/2018, $87.53, 1562101, $89.08, $89.45, $87.4
11/28/2018, $88.92, 1548959, $85.48, $88.92, $84.33
11/27/2018, $84.9, 988620, $84.14, $85.23, $83.33
11/26/2018, $84.82, 1304514, $85.42, $85.575, $84.17
11/23/2018, $83.92, 381136, $83.41, $85.76, $83.06
11/21/2018, $84.72, 1417676, $83.42, $85.48, $81.6
11/20/2018, $81.35, 1735390, $79.9, $83.19, $78.48
11/19/2018, $82.66, 1672683, $86.51, $87.41, $81.92
11/16/2018, $87.1, 1348249, $88.08, $89.45, $87.01
11/15/2018, $89.4, 1507709, $84.72, $89.67, $84.72
11/14/2018, $85.17, 1559762, $86.71, $88.21, $84.45
11/13/2018, $85.21, 919979, $84.75, $86.445, $83.01
11/12/2018, $84.11, 1120062, $84.51, $85.07, $81.875
11/09/2018, $85.01, 939015, $86.77, $87.165, $83.9
11/08/2018, $87.41, 685709, $87.94, $89.25, $86.93
11/07/2018, $87.98, 796196, $85.16, $88.305, $85.16
11/06/2018, $84.14, 951482, $83.93, $85.83, $83.25
11/05/2018, $84.22, 1169932, $86.6, $86.77, $83.47
11/02/2018, $86.56, 1738517, $86.54, $88.76, $86.28
11/01/2018, $86.55, 1986944, $82.57, $86.84, $82.34
10/31/2018, $82.41, 1370594, $80.07, $84.04, $79.3347
10/30/2018, $78.94, 1604181, $78.8, $80.29, $77.33
10/29/2018, $79.05, 1960991, $81.25, $82.97, $77.49
10/26/2018, $79.98, 2787404, $80.55, $82.06, $79.145
10/25/2018, $83.06, 3930951, $78.75, $84.78, $77.75
10/24/2018, $84.6, 3039392, $89.92, $91.1966, $84.291
10/23/2018, $90.76, 1925662, $90.86, $92.34, $88.54
10/22/2018, $92.39, 1762528, $92.63, $93.715, $91.36
10/19/2018, $92.32, 1218947, $95.58, $96.08, $91.97
10/18/2018, $94.53, 1553299, $96.8, $97.62, $93.52
10/17/2018, $97.56, 1104582, $98.89, $98.89, $96.44
10/16/2018, $98.97, 1196071, $95.79, $99.27, $95.625
10/15/2018, $94.63, 1412179, $94.86, $96.04, $91.49
10/12/2018, $94.76, 1274834, $92.98, $95.01, $92.73
10/11/2018, $90.83, 1764014, $90.79, $92.89, $90.49
10/10/2018, $91.25, 2778400, $98.58, $98.84, $91.19
10/09/2018, $99.25, 933661, $98.18, $100.675, $97.7828
10/08/2018, $98.53, 1364489, $99.8, $100.66, $97.3
10/05/2018, $100.35, 1051922, $101.01, $102.48, $98.66
10/04/2018, $101, 1273769, $103.39, $104.05, $100.02
10/03/2018, $104, 795402, $104.67, $104.69, $103.165
10/02/2018, $103.95, 784192, $105.92, $105.99, $103.48
10/01/2018, $105.87, 961313, $106.98, $107.44, $105.5
09/28/2018, $106.19, 631289, $105.92, $107.39, $105.92
09/27/2018, $106.14, 666473, $105.34, $106.6, $105.27
09/26/2018, $105.17, 665640, $105.4, $105.885, $104.23
09/25/2018, $104.97, 1022203, $103.97, $105.45, $103.61
09/24/2018, $103.45, 1000483, $102.46, $103.84, $101.61
09/21/2018, $103.06, 3253946, $103.66, $104.92, $103.03
09/20/2018, $103.06, 1010480, $102.5, $104.1, $101.89
09/19/2018, $102.31, 837006, $103.77, $103.89, $101.66
09/18/2018, $103.68, 1349785, $101.3, $104.32, $101.2
09/17/2018, $101.29, 1184902, $105.5, $105.5, $101.15
09/14/2018, $105.67, 1121944, $106.28, $107.31, $104.89
09/13/2018, $105.78, 1039235, $105.1, $106.45, $104.71
09/12/2018, $104.89, 1818335, $102.5, $105.25, $102.475
09/11/2018, $102.87, 1112090, $100.18, $102.92, $99.95
09/10/2018, $100.33, 1293318, $99.3, $100.44, $98.8557
09/07/2018, $98.9, 1668457, $97.39, $99.62, $96.95
09/06/2018, $98.09, 658221, $96.67, $98.32, $96.2131
09/05/2018, $96.77, 856909, $100.51, $100.62, $96.49
09/04/2018, $100.78, 820334, $99.67, $101.12, $99
08/31/2018, $99.94, 560722, $98.5, $99.97, $98.305
08/30/2018, $98.7, 975412, $98.16, $99.12, $98.09
08/29/2018, $98.63, 682466, $97.95, $98.73, $97.77
08/28/2018, $97.62, 639938, $98.06, $98.55, $97.39
08/27/2018, $97.75, 868549, $97.81, $98.77, $97.25
08/24/2018, $97.2, 707162, $96.48, $97.68, $96.3115
08/23/2018, $95.65, 826531, $94.98, $96.89, $94.98
08/22/2018, $95.16, 569263, $93.65, $95.495, $93.65
08/21/2018, $93.99, 701155, $92.21, $94.43, $92.21
08/20/2018, $92.07, 666573, $92.28, $92.36, $91.4965
08/17/2018, $92.31, 677061, $91.92, $92.64, $91.06
08/16/2018, $91.91, 813205, $92.58, $92.85, $90.91
08/15/2018, $92.1, 825329, $94.06, $94.8, $91.08
08/14/2018, $94.46, 680954, $93.38, $94.8625, $93.23
08/13/2018, $92.97, 758287, $94.28, $95.45, $92.82
08/10/2018, $94.3, 718389, $93.43, $95.07, $93.1
08/09/2018, $93.7, 805790, $93.26, $94.72, $93.24
08/08/2018, $93.43, 668486, $93.34, $93.98, $92.98
08/07/2018, $93.02, 779843, $93.3, $93.99, $92.65
08/06/2018, $92.78, 943460, $92.34, $93.36, $92.29
08/03/2018, $92.5, 639828, $93.25, $93.27, $91.89
08/02/2018, $93.2, 719322, $91.71, $93.54, $91.501
08/01/2018, $92.52, 1340669, $92.06, $93.92, $92.06
07/31/2018, $91.91, 1257421, $91.57, $93.38, $90.65
07/30/2018, $91.37, 1481145, $94.98, $95.3444, $90.46
07/27/2018, $95.09, 1063434, $99.3, $99.715, $93.98
07/26/2018, $98.83, 929621, $98.49, $99.86, $97.95
07/25/2018, $99.27, 1173065, $95.99, $99.57, $95.79
07/24/2018, $95.79, 1178766, $97.77, $98.305, $95
07/23/2018, $97.14, 1155358, $96.03, $97.36, $95.31
07/20/2018, $96.54, 1144186, $97.29, $98.06, $96.335
07/19/2018, $97.03, 1801744, $95.6, $99.6, $95
07/18/2018, $98.51, 1127748, $98.88, $99.21, $98.08
07/17/2018, $98.9, 762083, $97.78, $99.48, $97.22
07/16/2018, $98.15, 600569, $98.77, $99.19, $97.67
07/13/2018, $98.84, 477716, $99.7, $99.87, $98.2025
07/12/2018, $99.61, 954777, $97.44, $99.8, $97.15
07/11/2018, $97.05, 729605, $95.99, $97.715, $95.785
07/10/2018, $97.01, 841467, $97.56, $98.74, $96.43
07/09/2018, $97.07, 804975, $96.94, $97.36, $95.64
07/06/2018, $96.21, 418096, $94.98, $96.54, $94.75
07/05/2018, $94.75, 851386, $94.79, $94.86, $93.75
07/03/2018, $94.03, 366419, $94.4, $94.92, $93.52
07/02/2018, $93.9, 618801, $93.95, $94.07, $92.41
06/29/2018, $93.81, 900122, $93.65, $94.56, $93.43
06/28/2018, $93.54, 854940, $90.8, $93.83, $90.8
06/27/2018, $91.21, 735408, $93.62, $94.35, $91.16
06/26/2018, $93.39, 1076707, $93.17, $94.09, $92.57
06/25/2018, $92.73, 1211265, $96.08, $96.3, $92.09
06/22/2018, $96.83, 1153599, $99.25, $99.73, $96.73
06/21/2018, $99.22, 962895, $99.93, $100.09, $98.52
06/20/2018, $99.99, 1191787, $98.72, $100.79, $97.99
06/19/2018, $97.8, 1385795, $97.13, $98.1899, $96.21
06/18/2018, $97.8, 2257162, $94.56, $99.1, $94
06/15/2018, $94.89, 1326126, $94.63, $95.75, $93.57
06/14/2018, $95.33, 530577, $95.12, $95.75, $94.93
06/13/2018, $94.47, 927784, $93.51, $95.02, $93.32
06/12/2018, $93.52, 1147854, $91.88, $94.36, $91.88
06/11/2018, $91.85, 2304297, $93.12, $95.88, $91.39
06/08/2018, $86.99, 1094615, $86.42, $87.08, $86
06/07/2018, $86.46, 1076432, $89.44, $89.45, $85.21
06/06/2018, $89.24, 947774, $88.46, $89.29, $87.775
06/05/2018, $88.29, 805307, $88.4, $89.07, $87.95
06/04/2018, $88.16, 589885, $87.42, $88.46, $87.09
06/01/2018, $87.05, 827594, $86.53, $87.42, $86.13
05/31/2018, $86.24, 712376, $85.96, $86.82, $85.78
05/30/2018, $86.01, 1021111, $85.56, $86.25, $85.13
05/29/2018, $84.97, 775797, $85.13, $85.72, $84.36
05/25/2018, $85.67, 655654, $85.84, $86.25, $85.256
05/24/2018, $85.84, 759516, $85.34, $86.11, $84.7
05/23/2018, $85.36, 804607, $83.22, $85.4, $83.22
05/22/2018, $84.79, 762690, $84.86, $85.22, $84.44
05/21/2018, $84.79, 738274, $84.55, $85.18, $84.08
05/18/2018, $84.15, 968228, $84.19, $84.64, $83.92
05/17/2018, $84.18, 1073866, $84.33, $84.83, $83.38
05/16/2018, $84.4, 1093292, $84.49, $84.715, $84
05/15/2018, $84.65, 1289520, $85.74, $86.34, $84.385
05/14/2018, $86.35, 687743, $88.11, $88.71, $86.175
05/11/2018, $88.05, 638210, $87.41, $88.515, $87.11
05/10/2018, $87.62, 1353087, $87.57, $88.09, $87.04
05/09/2018, $87.18, 858690, $87.14, $87.65, $86.44
05/08/2018, $86.79, 558370, $86.2, $86.91, $86.2
05/07/2018, $86.51, 526919, $85.32, $86.8, $85.32
05/04/2018, $85.08, 676590, $83.49, $85.77, $83.38
05/03/2018, $83.86, 866453, $83.53, $84.54, $82.41
05/02/2018, $83.51, 890611, $82.99, $84.28, $82.64
05/01/2018, $82.83, 1079878, $82.43, $83.24, $81.65
04/30/2018, $82.35, 853838, $83.01, $83.86, $82.05
04/27/2018, $83.03, 743401, $83.2, $83.71, $82.29
04/26/2018, $82.73, 908645, $82.67, $83.635, $82.12
04/25/2018, $82.15, 1059616, $82.92, $83.2, $80.85
04/24/2018, $83.2, 1143877, $85.58, $86.18, $82.49
04/23/2018, $84.96, 1155175, $84.57, $85.72, $83.69
04/20/2018, $84.05, 1126752, $84.75, $84.91, $83.62
04/19/2018, $84.92, 2906411, $82.005, $86.49, $81.33
04/18/2018, $83.56, 1585847, $83.12, $83.81, $81.86
04/17/2018, $83.12, 854032, $81.86, $83.47, $81.7
04/16/2018, $81.43, 740242, $81.27, $81.824, $80.66
04/13/2018, $80.45, 778039, $81.82, $81.97, $79.44
04/12/2018, $81.41, 832221, $80, $81.92, $79.87
04/11/2018, $79.64, 725124, $79.22, $80.46, $79.03
04/10/2018, $79.92, 684912, $78.98, $80.34, $78.241
04/09/2018, $77.92, 641483, $77.44, $78.64, $77.27
04/06/2018, $76.94, 1068028, $77.9, $78.37, $75.45
04/05/2018, $78.74, 1726924, $78.69, $79.86, $77.88
04/04/2018, $77.94, 1905343, $76.28, $78.36, $74.77
04/03/2018, $77.55, 1654716, $77.15, $78.41, $76.1588
04/02/2018, $76.71, 1034656, $77.62, $78.2, $75.995
03/29/2018, $78.01, 1131682, $77.61, $78.95, $76.4
03/28/2018, $77.04, 1492569, $78.63, $78.71, $76.47
03/27/2018, $78.79, 1464823, $80.16, $81.32, $78.52
03/26/2018, $79.85, 797082, $78.74, $79.91, $77.96
03/23/2018, $77.56, 813427, $78.85, $79.64, $77.54
03/22/2018, $78.92, 1020638, $79, $80.3, $78.14
03/21/2018, $80.1, 667376, $79.53, $80.64, $79.4
03/20/2018, $79.64, 604643, $79.15, $80.23, $78.317
03/19/2018, $79.21, 697205, $79.61, $80.28, $78.2
03/16/2018, $80.38, 969750, $80.34, $80.6, $79.52
03/15/2018, $80.17, 529195, $79.81, $80.22, $79.3
03/14/2018, $79.69, 600200, $80.17, $80.35, $79.165
03/13/2018, $79.48, 843127, $80.66, $80.82, $78.58
03/12/2018, $80.4, 933555, $80.79, $81.49, $80.22
03/09/2018, $80.72, 1018815, $80.97, $81.72, $80.13
03/08/2018, $80.3, 667340, $79.75, $80.34, $79.07
03/07/2018, $79.63, 1045437, $77.81, $79.87, $77.62
03/06/2018, $78.07, 1015296, $77.36, $78.16, $77.13
03/05/2018, $77.22, 681520, $75.04, $77.49, $74.8
03/02/2018, $75.3, 746337, $73.35, $75.47, $72.92
03/01/2018, $73.89, 964780, $73.96, $74.76, $72.45
02/28/2018, $73.76, 658334, $74.94, $75.57, $73.74
02/27/2018, $74.72, 439568, $75.22, $75.56, $74.655
02/26/2018, $75.28, 502385, $75, $75.745, $74.26
02/23/2018, $74.82, 443268, $73.55, $74.84, $73.38
02/22/2018, $73.25, 556880, $72.88, $73.68, $72.58
02/21/2018, $72.81, 508817, $73.9, $74.35, $72.79
02/20/2018, $73.72, 916103, $72.81, $73.86, $72.75
02/16/2018, $73.28, 616011, $73.3, $73.8, $72.85
02/15/2018, $73.36, 825207, $72, $73.61, $71.3455
02/14/2018, $71.45, 824979, $68.58, $71.62, $68.44
02/13/2018, $69.25, 414475, $68.19, $69.32, $67.29
02/12/2018, $68.44, 797519, $68.17, $68.71, $67.31
02/09/2018, $67.48, 1260694, $68.41, $69.31, $65.48
02/08/2018, $67.69, 1011166, $69.65, $69.65, $67.67
02/07/2018, $69.65, 687982, $69.58, $70.62, $69.13
02/06/2018, $69.66, 919761, $67.79, $69.99, $66.3
02/05/2018, $69, 921946, $69.99, $71.56, $68.99
02/02/2018, $70.92, 594238, $71.59, $72.05, $70.62
02/01/2018, $72.19, 828580, $72.04, $72.82, $71.9
01/31/2018, $72.68, 759116, $73.29, $73.3, $72.19
01/30/2018, $72.93, 836805, $72.41, $73.49, $71.85
01/29/2018, $72.67, 515451, $73.5, $73.71, $72.5
01/26/2018, $73.5, 834145, $73.61, $73.99, $73
01/25/2018, $73.18, 983737, $73.94, $74.03, $72.88
01/24/2018, $73.42, 870043, $74.48, $74.83, $72.961
01/23/2018, $74.48, 1777439, $72.83, $74.74, $72.83
01/22/2018, $72.85, 1626634, $71.36, $73.19, $70.75
01/19/2018, $71.46, 2175943, $70.16, $71.55, $69.51
01/18/2018, $69.95, 3930047, $72.54, $74.88, $69.88
01/17/2018, $66.7, 1690889, $65.6, $66.84, $65.03
01/16/2018, $65.29, 1203812, $66.53, $67.01, $65.04
01/12/2018, $65.93, 815024, $65.95, $66.75, $65.58
01/11/2018, $65.79, 868265, $64.54, $65.88, $64.09
01/10/2018, $64.57, 426191, $64.34, $64.62, $63.78
01/09/2018, $64.53, 524915, $64.48, $64.69, $63.94
01/08/2018, $64.4, 760161, $63.69, $64.7, $63.195
01/05/2018, $63.65, 657384, $63.32, $63.73, $63.04
01/04/2018, $63, 844506, $62.36, $63.73, $62.36
01/03/2018, $61.94, 832930, $61.3, $62.18, $61.17
01/02/2018, $61.16, 1174306, $60.91, $61.5, $60.45
12/29/2017, $60.77, 607064, $61.33, $61.5709, $60.72
12/28/2017, $61.24, 795439, $60.52, $61.3, $60.52
12/27/2017, $60.34, 1447095, $59.89, $60.665, $59.4
12/26/2017, $60.06, 336647, $59.78, $60.23, $59.64
12/22/2017, $60, 1405763, $60, $60.12, $59.655
12/21/2017, $60.05, 764594, $59.75, $60.2, $59.49
12/20/2017, $59.46, 609617, $59.68, $59.9995, $59.395
12/19/2017, $59.85, 849408, $60.42, $60.66, $59.8
12/18/2017, $60.57, 749464, $60.93, $61.47, $60.46
12/15/2017, $60.46, 1578406, $60.2, $60.74, $60
12/14/2017, $60.13, 503195, $60.9, $61.32, $60.11
12/13/2017, $60.8, 724875, $60.74, $61.59, $60.58
12/12/2017, $60.55, 942445, $60.77, $61.16, $60.39
12/11/2017, $61.44, 734372, $61.84, $61.96, $61.345
12/08/2017, $61.7, 604438, $62.75, $62.82, $61.63
12/07/2017, $62.31, 845762, $61.67, $62.56, $61.5
12/06/2017, $61.52, 1370456, $61.33, $61.97, $60.83
12/05/2017, $61.53, 1246787, $61.52, $62.23, $61.25
12/04/2017, $61.61, 1271421, $63.3, $63.3, $60.94
12/01/2017, $62.64, 1259806, $63.48, $63.73, $61.04
11/30/2017, $63.68, 930885, $62.23, $63.86, $62.04
11/29/2017, $62.26, 2178582, $65, $65.13, $60.81
11/28/2017, $65.69, 657585, $65.55, $65.97, $65.3
11/27/2017, $65.46, 504829, $65.83, $66.225, $65.44
11/24/2017, $65.77, 158834, $65.34, $65.82, $65.06
11/22/2017, $65.1, 497067, $65, $65.42, $64.59
11/21/2017, $65.03, 682007, $65.6, $65.8, $64.9
11/20/2017, $65.37, 838829, $65, $65.85, $64.82
11/17/2017, $65.12, 737422, $65.29, $65.34, $64.66
11/16/2017, $65.2, 717528, $63.56, $65.23, $63.56
11/15/2017, $63.92, 628630, $64.08, $64.19, $63.42
11/14/2017, $64.28, 412001, $64.33, $64.655, $64.1
11/13/2017, $64.58, 739725, $64.37, $64.695, $64.09
11/10/2017, $64.79, 564044, $64.37, $64.8796, $64.19
11/09/2017, $64.66, 1010697, $64.59, $64.79, $63.79
11/08/2017, $65.04, 894103, $65.18, $65.31, $64.74
11/07/2017, $65.13, 1257138, $65.41, $65.61, $64.84
11/06/2017, $65.5, 910259, $65.69, $65.85, $65.01
11/03/2017, $66.25, 1012320, $66.5, $66.63, $65.4
11/02/2017, $66.45, 1132081, $65.82, $67.12, $65.54
11/01/2017, $65.81, 1529679, $66.88, $66.88, $65.11
10/31/2017, $66.45, 970077, $66.39, $66.9472, $66.13
10/30/2017, $66.16, 1405543, $66.12, $66.335, $65.31
10/27/2017, $66.43, 2452445, $64.92, $66.52, $64.51
10/26/2017, $64.67, 4077610, $63.99, $65.4, $62.73
10/25/2017, $60.09, 2246288, $61, $61.39, $59.95
10/24/2017, $61.09, 1269577, $60.85, $61.65, $60.57
10/23/2017, $60.76, 1031532, $60.68, $61.1, $60.47
10/20/2017, $60.72, 735702, $60.45, $61.13, $60.24
10/19/2017, $60.12, 1087656, $60.02, $60.42, $59.82
10/18/2017, $60.64, 655373, $60.26, $60.84, $60.12
10/17/2017, $60.26, 749678, $59.88, $60.32, $59.18
10/16/2017, $60.02, 766408, $60.18, $60.35, $59.95
10/13/2017, $60.04, 1405971, $59.79, $60.14, $59.56
10/12/2017, $59.58, 880905, $59.41, $59.82, $59.16
10/11/2017, $59.33, 1900965, $58.64, $59.36, $58.4
10/10/2017, $58.98, 789774, $58.78, $59.14, $58.54
10/09/2017, $58.58, 2362941, $58.28, $58.64, $58
10/06/2017, $58.32, 547330, $57.55, $58.39, $57.24
10/05/2017, $57.75, 858731, $57.34, $57.92, $57.03
10/04/2017, $57, 292371, $56.64, $57.02, $56.33
10/03/2017, $56.64, 404512, $56.37, $56.67, $56.28
10/02/2017, $56.28, 898673, $56.37, $56.96, $55.74
09/29/2017, $56.28, 665218, $56.04, $56.64, $56
09/28/2017, $56.03, 510519, $56, $56.32, $55.3
09/27/2017, $56.02, 839196, $55.91, $56.24, $55.44
09/26/2017, $55.62, 720061, $56.32, $56.58, $55.39
09/25/2017, $56.22, 1082893, $56.85, $57.35, $55.85
09/22/2017, $56.94, 1098101, $56.19, $57.2, $56.01
09/21/2017, $56.23, 624326, $56.13, $56.43, $55.8989
09/20/2017, $56.23, 1308727, $55.79, $56.66, $55.48
09/19/2017, $55.44, 438159, $54.91, $55.56, $54.81
09/18/2017, $54.95, 840705, $54.76, $55.52, $54.7
09/15/2017, $54.65, 1650889, $55.07, $55.13, $54.37
09/14/2017, $55.16, 692771, $55.92, $56, $55.05
09/13/2017, $56.05, 729305, $56.18, $56.32, $55.66
09/12/2017, $56.27, 925954, $56.1, $56.32, $55.58
09/11/2017, $56.05, 764828, $55.95, $56.43, $55.5
09/08/2017, $55.4, 563770, $55.62, $56.07, $55.34
09/07/2017, $55.61, 750481, $56.06, $56.2, $55.48
09/06/2017, $55.91, 652156, $56.2, $56.29, $55.8
09/05/2017, $55.93, 593124, $55.9, $56.09, $55.44
09/01/2017, $55.9, 528186, $56.25, $56.47, $55.79
08/31/2017, $56, 851791, $55.77, $56.28, $55.75
08/30/2017, $55.76, 681549, $54.66, $55.88, $54.54
08/29/2017, $54.73, 538621, $54.29, $54.93, $54.18
08/28/2017, $54.83, 576835, $55.15, $55.2, $54.47
08/25/2017, $55.16, 947180, $55, $55.76, $54.89
08/24/2017, $54.73, 553858, $54.56, $54.77, $54.04
08/23/2017, $54.26, 502012, $54.23, $54.72, $54.14
08/22/2017, $54.57, 699592, $53.68, $54.69, $53.49
08/21/2017, $53.43, 409574, $53.48, $53.735, $53.11
08/18/2017, $53.52, 998905, $52.9, $53.8, $52.55
08/17/2017, $52.99, 655538, $53.87, $54.14, $52.95
08/16/2017, $54.01, 748780, $53.5, $54.28, $53.43
08/15/2017, $53.39, 702626, $53.5, $53.62, $53.18
08/14/2017, $53.42, 780484, $53.82, $53.9599, $53.25
08/11/2017, $53.34, 838848, $52.53, $53.53, $52.2
08/10/2017, $52.54, 1286882, $53.36, $53.72, $52.33
08/09/2017, $53.84, 948227, $53.38, $54.01, $53.04
08/08/2017, $53.68, 655239, $54.1, $54.47, $53.58
08/07/2017, $54.15, 371594, $54.07, $54.38, $53.86
08/04/2017, $54.06, 698793, $54.28, $54.4499, $53.89
08/03/2017, $54.11, 1349146, $54.44, $54.54, $53.53
08/02/2017, $54.44, 1114768, $55.89, $55.89, $54.31
08/01/2017, $55.48, 1036483, $55.36, $55.61, $55.04
07/31/2017, $55.19, 987659, $55.56, $55.62, $54.85
07/28/2017, $55.32, 813043, $54.89, $55.65, $54.25
07/27/2017, $55.2, 1473695, $56.26, $56.4099, $54.18
07/26/2017, $55.88, 1237092, $55.92, $56.36, $55.46
07/25/2017, $55.74, 1626391, $55.8, $55.94, $55.15
07/24/2017, $55.73, 1739518, $55.24, $55.8, $54.4
07/21/2017, $55.22, 3511014, $54.01, $55.39, $53.66
07/20/2017, $54.1, 8847578, $54.3, $55.85, $53.5
07/19/2017, $58.92, 2087670, $58.4, $59.29, $58
07/18/2017, $58.05, 940240, $57.25, $58.14, $56.95
07/17/2017, $57.49, 1378674, $57.91, $58.05, $56.92
07/14/2017, $58.06, 1107577, $57.71, $58.19, $57.37
07/13/2017, $57.37, 884895, $58.17, $58.3, $57.12
07/12/2017, $58.02, 848058, $58.24, $58.645, $57.595
07/11/2017, $57.38, 886375, $56.8, $57.5599, $56.55
07/10/2017, $56.81, 815382, $56.71, $57.16, $56.12
07/07/2017, $56.79, 985426, $55.76, $57.34, $55.73
07/06/2017, $55.53, 1257657, $55.51, $56.06, $54.96
07/05/2017, $56.11, 1475702, $54.16, $56.225, $53.46
07/03/2017, $53.89, 1305376, $55.4, $55.665, $53.83
06/30/2017, $55.12, 1429573, $55.72, $55.87, $54.99
06/29/2017, $55.51, 956102, $56.97, $56.97, $54.7
06/28/2017, $57, 1034654, $56.67, $57.165, $55.88
06/27/2017, $56.21, 1153501, $58.26, $58.28, $56.04
06/26/2017, $58.49, 1087297, $59.3, $60.22, $58.44
06/23/2017, $58.89, 2382923, $57.7, $59.385, $57.7
06/22/2017, $57.8, 977909, $57.48, $58.1, $57.175
06/21/2017, $57.39, 786173, $57.06, $57.67, $56.81
06/20/2017, $56.82, 629081, $57.32, $57.81, $56.65
06/19/2017, $57.43, 827400, $57.6, $57.98, $57.02
06/16/2017, $57.14, 1302914, $56.89, $57.43, $56.22
06/15/2017, $56.97, 1174939, $56.72, $57.14, $53.94
06/14/2017, $57.6, 1411134, $57.86, $58.4, $57.18
06/13/2017, $57.87, 1482480, $56.67, $57.88, $56.55
06/12/2017, $56.05, 2084285, $56.49, $56.77, $54.06
06/09/2017, $56.99, 1863558, $59.82, $60.15, $55.68
06/08/2017, $59.69, 699397, $59.31, $59.8, $58.955
06/07/2017, $59.22, 791442, $59.26, $59.5067, $58.82
06/06/2017, $59.26, 1278126, $58.66, $59.92, $58.04
06/05/2017, $58.87, 854732, $58.73, $59.2, $58.59
06/02/2017, $59.07, 1169571, $57.99, $59.29, $57.75
06/01/2017, $57.79, 1261132, $57.85, $58.22, $57.38
05/31/2017, $57.58, 790683, $58.02, $58.42, $57.54
05/30/2017, $57.97, 633865, $57.87, $58.16, $57.73
05/26/2017, $58, 976810, $58.2, $58.54, $57.76
05/25/2017, $58.14, 2086977, $57.45, $59, $57.45
05/24/2017, $57.14, 1621559, $56.11, $57.44, $56.11
05/23/2017, $55.9, 878826, $55.99, $56.5099, $55.55
05/22/2017, $55.93, 1262864, $55.1, $56, $54.735
05/19/2017, $55, 4179801, $51.69, $55.95, $51.535
05/18/2017, $51.14, 788907, $51.79, $51.92, $51.02
05/17/2017, $51.63, 792489, $52.86, $53.08, $51.57
05/16/2017, $53.52, 804777, $52.46, $53.56, $52.42
05/15/2017, $52.62, 1533052, $52.98, $53.34, $52.38
05/12/2017, $52.95, 794595, $52.99, $53.07, $52.49
05/11/2017, $53.03, 1201035, $53.56, $53.85, $52.65
05/10/2017, $53.32, 826072, $53.8, $53.97, $53.08
05/09/2017, $53.82, 814746, $53.43, $53.93, $53.42
05/08/2017, $53.33, 1098594, $54.27, $54.99, $53.195
05/05/2017, $54.34, 901036, $54.18, $54.49, $53.935
05/04/2017, $53.99, 739718, $53.94, $54.26, $53.68
05/03/2017, $53.58, 1066812, $54.6, $54.72, $53.52
05/02/2017, $54.74, 1250269, $54.79, $55.31, $54.7
05/01/2017, $54.82, 1032109, $54.09, $54.87, $53.99
04/28/2017, $54.05, 899104, $54.2, $54.2275, $53.61
04/27/2017, $54.08, 606739, $54.01, $54.32, $53.35
04/26/2017, $53.88, 765847, $53.84, $54.08, $53.33
04/25/2017, $53.69, 1115297, $53.76, $54.195, $53.13
04/24/2017, $53.35, 1274849, $52.1, $53.41, $52.01
04/21/2017, $51.93, 1949188, $52.86, $52.94, $51.73
04/20/2017, $52.98, 3455040, $54.1, $54.2, $51.88
04/19/2017, $53.69, 2306024, $53.22, $53.99, $53.22
04/18/2017, $53.23, 1654974, $52.46, $53.455, $52.45
04/17/2017, $52.46, 1572617, $51.85, $52.47, $51.4
04/13/2017, $51.54, 1158130, $51.39, $52.7, $51.39
04/12/2017, $52.07, 1197117, $52.37, $53.02, $52.06
04/11/2017, $52.56, 1047325, $52.19, $52.57, $51.465
04/10/2017, $52.18, 928978, $51.84, $52.535, $51.62
04/07/2017, $51.89, 537155, $51.99, $52.28, $51.69
04/06/2017, $51.98, 905148, $51.26, $52.1, $51
04/05/2017, $51.24, 1357762, $52.11, $52.34, $51.215
04/04/2017, $51.86, 914130, $52.13, $52.49, $51.68
04/03/2017, $52.26, 1337947, $52.79, $52.91, $51.7
03/31/2017, $52.55, 1089578, $52.35, $52.7, $51.68
03/30/2017, $52.47, 907371, $53.06, $53.23, $52.4
03/29/2017, $53.07, 736692, $52.85, $53.2, $52.58
03/28/2017, $52.72, 1423462, $52.67, $53.38, $52.22
03/27/2017, $52.62, 1964242, $51.21, $52.7, $50.68
03/24/2017, $51.94, 3013337, $52.46, $53.06, $51.8401
03/23/2017, $52.09, 8256879, $53.61, $54.73, $50.95
03/22/2017, $53.6, 2848532, $53.65, $54, $52.69
03/21/2017, $53.67, 1514569, $56.02, $56.08, $53.48
03/20/2017, $55.64, 1015649, $56.43, $56.43, $55.6
03/17/2017, $56.19, 1044910, $56.42, $56.65, $55.87
03/16/2017, $56.27, 422873, $56.72, $56.726, $56.08
03/15/2017, $56.43, 878523, $56.16, $56.5, $55.7701
03/14/2017, $55.68, 672000, $55.53, $55.82, $55.24
03/13/2017, $55.77, 697274, $55.2, $55.83, $55.2
03/10/2017, $55.22, 551323, $55.37, $55.43, $54.89
03/09/2017, $54.98, 964468, $55.5, $55.56, $54.66
03/08/2017, $55.57, 1885259, $54.78, $56.18, $54.44
03/07/2017, $54.8, 555017, $54.84, $55.1, $54.59
03/06/2017, $54.96, 903762, $55.18, $55.22, $54.82
03/03/2017, $55.59, 1081189, $55.13, $55.72, $54.88
03/02/2017, $54.95, 717627, $55.7, $55.74, $54.87
03/01/2017, $55.75, 1196388, $54.76, $55.935, $54.42
02/28/2017, $53.89, 1046467, $54.58, $54.58, $53.8401
02/27/2017, $54.87, 792326, $55.1, $55.12, $54.5907
02/24/2017, $55.1, 742777, $54.33, $55.18, $54.07
02/23/2017, $54.67, 915632, $54.85, $55.23, $54.4466
02/22/2017, $54.85, 860305, $55.36, $55.4167, $54.69
02/21/2017, $55.37, 1277384, $53.99, $55.42, $53.99
02/17/2017, $54.26, 859917, $53.5, $54.27, $53.44
02/16/2017, $53.66, 1547921, $54.19, $54.66, $53.49
02/15/2017, $54.7, 1009271, $54.14, $54.89, $54.06
02/14/2017, $54.46, 565174, $54.06, $54.49, $53.72
02/13/2017, $54.3, 668490, $54.5, $54.57, $53.9
02/10/2017, $54.18, 849985, $54.88, $54.99, $53.72
02/09/2017, $54.79, 1221518, $54.2, $55.07, $54.03
02/08/2017, $54.22, 1081846, $53.87, $54.26, $53.5
02/07/2017, $53.82, 797904, $53.88, $54.15, $53.65
02/06/2017, $53.8, 1104836, $53.74, $54.1, $53.5
02/03/2017, $53.97, 1209878, $53.54, $54.27, $53.25
02/02/2017, $53.52, 1730179, $52.2, $53.96, $52.06
02/01/2017, $52.19, 1066018, $52.57, $52.96, $51.98
01/31/2017, $52.57, 837308, $51.76, $52.65, $51.53
01/30/2017, $52.15, 629107, $52.04, $52.19, $51.1
01/27/2017, $52.23, 977334, $52.84, $53.21, $52.05
01/26/2017, $52.82, 1670674, $53.46, $54.13, $52.52
01/25/2017, $53, 1893958, $52.5, $53.01, $52.2
01/24/2017, $52.16, 1719910, $50.65, $52.27, $50.538
01/23/2017, $50.5, 1952480, $49.67, $50.75, $49.67
01/20/2017, $49.56, 1723479, $50.04, $50.47, $49.12
01/19/2017, $50.21, 4845613, $49.5, $51.89, $49.3305
01/18/2017, $47.38, 1360636, $47.36, $47.755, $46.87
01/17/2017, $47.36, 1778303, $49.09, $49.09, $47.08
01/13/2017, $49.23, 863392, $49.26, $49.8, $49.12
01/12/2017, $49.31, 1022679, $49.19, $49.5, $48.4
01/11/2017, $49.09, 1053745, $49.61, $49.78, $48.48
01/10/2017, $49.47, 1406126, $48.77, $49.74, $48.6799
01/09/2017, $48.78, 1481166, $48.32, $48.96, $47.73
01/06/2017, $48.25, 988520, $47.15, $48.51, $46.85
01/05/2017, $47.11, 1114146, $46.9, $47.28, $46.57
01/04/2017, $46.85, 1195545, $46.66, $47.4, $46.64
01/03/2017, $46.64, 1415421, $46.59, $47.14, $45.93
12/30/2016, $46.27, 626788, $46.68, $46.725, $45.86
12/29/2016, $46.55, 654150, $46.44, $46.76, $46.285
12/28/2016, $46.35, 494238, $46.61, $46.71, $46.06
12/27/2016, $46.63, 789926, $46.55, $47.02, $46.33
12/23/2016, $46.62, 367599, $46.26, $46.66, $46.11
12/22/2016, $46.15, 875361, $46.67, $46.7056, $45.72
12/21/2016, $46.83, 544497, $47.51, $47.67, $46.7
12/20/2016, $47.33, 530903, $47.58, $47.96, $47.17
12/19/2016, $47.4, 547122, $47.24, $47.63, $46.96
12/16/2016, $47.03, 1161106, $48.52, $48.75, $46.95
12/15/2016, $48.52, 971066, $47.96, $49.03, $47.79
12/14/2016, $47.91, 869570, $48.34, $48.68, $47.85
12/13/2016, $48.22, 776597, $47.65, $48.43, $47.58
12/12/2016, $47.58, 544290, $48.27, $48.6, $47.06
12/09/2016, $48.19, 807570, $48.38, $49.0665, $48.15
12/08/2016, $48.31, 1327836, $48.1, $49.05, $47.76
12/07/2016, $47.89, 1022020, $47.4, $47.98, $46.71
12/06/2016, $47.13, 1430177, $46.75, $47.55, $46.07
12/05/2016, $46.37, 1493669, $46.64, $47.4, $46.14
12/02/2016, $46.37, 1409246, $45.99, $46.39, $45.57
12/01/2016, $46.32, 1906085, $49.1, $49.36, $46.055
11/30/2016, $48.71, 1548123, $49.51, $49.76, $48.7
11/29/2016, $49.63, 936089, $49.68, $49.85, $49.03
11/28/2016, $49.62, 821182, $49.64, $49.93, $49.2
11/25/2016, $49.79, 914758, $49.29, $49.81, $49.13
11/23/2016, $49.17, 1023500, $48.31, $49.185, $48.16
11/22/2016, $48.25, 1409660, $48.86, $49.1702, $48.11
11/21/2016, $48.53, 1036601, $48.58, $48.977, $48.345
11/18/2016, $48.68, 1386791, $48.95, $49.24, $48.26
11/17/2016, $49.01, 1327038, $47.6, $49.09, $47.28
11/16/2016, $47.58, 1007058, $47.02, $47.9, $46.28
11/15/2016, $47.53, 1011850, $47.45, $47.79, $47.02
11/14/2016, $47.59, 1098405, $47.52, $47.9, $47.34
11/11/2016, $47.05, 854147, $47, $47.53, $46.66
11/10/2016, $47.17, 1690239, $47.32, $47.9, $45.92
11/09/2016, $46.95, 2230598, $45.96, $47.44, $45.54
11/08/2016, $46.68, 2364851, $45.18, $46.81, $44.82
11/07/2016, $45.35, 2090283, $44.85, $45.63, $44.3
11/04/2016, $44.02, 1722374, $43.79, $44.54, $43.57
11/03/2016, $43.25, 1616440, $43.94, $44.16, $43.12
11/02/2016, $43.97, 2289579, $45.71, $45.71, $43.78
11/01/2016, $45.93, 1630644, $47.44, $47.61, $45.64
10/31/2016, $47.44, 1942663, $46.76, $47.64, $46.26
10/28/2016, $46.89, 2262716, $45.49, $46.98, $45.4
10/27/2016, $45.59, 5988867, $46, $47.5, $45.21
10/26/2016, $43.55, 3474712, $45.14, $45.22, $43.1
10/25/2016, $45.52, 1374702, $46.14, $46.35, $45.33
10/24/2016, $46.12, 1391072, $46.71, $47.32, $46.05
10/21/2016, $46.39, 629985, $46.21, $46.42, $46.02
10/20/2016, $46.33, 648991, $46.37, $46.6, $46.03
10/19/2016, $46.43, 610448, $45.61, $46.6, $45.61
10/18/2016, $46.13, 761105, $45.99, $46.28, $45.57
10/17/2016, $45.47, 726025, $45.11, $45.48, $44.885
10/14/2016, $45.26, 623417, $45.33, $45.93, $45.12
10/13/2016, $45.08, 767274, $44.73, $45.21, $44.44
10/12/2016, $45.14, 770420, $45.01, $45.18, $44.73
10/11/2016, $45.1, 751051, $45.89, $45.97, $44.65
10/10/2016, $45.98, 782869, $46.28, $46.91, $45.95
10/07/2016, $45.94, 579783, $46.5, $46.5, $45.635
10/06/2016, $46.25, 770540, $45.84, $46.26, $45.52
10/05/2016, $45.89, 682041, $45.5, $45.98, $45.3
10/04/2016, $45.44, 1115777, $45.34, $45.81, $45.07
10/03/2016, $45.11, 2578740, $45.02, $46.802, $44.41
09/30/2016, $44.31, 1005543, $43.85, $44.42, $43.0103
09/29/2016, $43.88, 632482, $44.35, $44.56, $43.62
09/28/2016, $44.51, 441197, $44.38, $44.65, $44.11
09/27/2016, $44.3, 306161, $43.66, $44.31, $43.58
09/26/2016, $43.74, 437456, $43.99, $44.08, $43.72
09/23/2016, $44.13, 488603, $44.52, $44.75, $44.11
09/22/2016, $44.56, 688934, $44.24, $44.75, $44.18
09/21/2016, $44.11, 546928, $43.44, $44.13, $43.19
09/20/2016, $43.33, 412852, $43.54, $43.8, $43.32
09/19/2016, $43.39, 364742, $43.31, $43.83, $43.14
09/16/2016, $43.26, 844534, $43.38, $43.52, $43.14
09/15/2016, $43.71, 524380, $43.35, $43.95, $43.25
09/14/2016, $43.24, 780099, $43.17, $43.51, $43.04
09/13/2016, $43.11, 911792, $43.23, $43.39, $42.91
09/12/2016, $43.57, 843675, $42.88, $43.65, $42.79
09/09/2016, $43.21, 1642746, $43.52, $43.76, $42.28
09/08/2016, $43.92, 877436, $43.73, $43.96, $43.4925
09/07/2016, $43.74, 516318, $43.57, $43.75, $41.4
09/06/2016, $43.57, 715244, $43.52, $43.58, $43.22
09/02/2016, $43.56, 826596, $42.97, $43.655, $42.86
09/01/2016, $42.84, 701056, $42.62, $42.86, $42.3
08/31/2016, $42.67, 827808, $42.62, $42.85, $42.24
08/30/2016, $42.8, 533000, $42.65, $42.8, $42.54
08/29/2016, $42.56, 603857, $42.29, $42.85, $42.29
08/26/2016, $42.32, 434446, $42.31, $42.5, $41.94
08/25/2016, $42.16, 654168, $42.23, $42.38, $41.94
08/24/2016, $42.25, 795344, $42.4, $42.61, $42.05
08/23/2016, $42.55, 342488, $42.33, $42.56, $42.025
08/22/2016, $42.06, 349837, $42.08, $42.25, $41.83
08/19/2016, $42.28, 721602, $41.63, $42.35, $41.41
08/18/2016, $41.66, 1208966, $41.52, $41.95, $41.35
08/17/2016, $41.46, 932086, $41.58, $41.78, $41.14
08/16/2016, $41.63, 969141, $42.61, $42.61, $41.4
08/15/2016, $42.64, 1212448, $41.67, $42.99, $41.625
08/12/2016, $41.66, 553173, $41.58, $41.71, $41.37
08/11/2016, $41.65, 472629, $41.31, $41.85, $41.08
08/10/2016, $41.27, 446482, $41.3, $41.39, $40.99
08/09/2016, $41.21, 587490, $40.93, $41.33, $40.895
08/08/2016, $41.08, 842858, $40.82, $41.16, $40.71
08/05/2016, $40.82, 1001008, $39.78, $40.87, $39.78
08/04/2016, $39.67, 373086, $39.64, $39.94, $39.35
08/03/2016, $39.55, 642767, $39.47, $39.605, $39.28
08/02/2016, $39.62, 1063877, $40.33, $40.48, $39.31
08/01/2016, $40.39, 1431706, $40.23, $40.66, $39.97
07/29/2016, $39.73, 1230884, $40.22, $40.2232, $39.19
07/28/2016, $40.11, 588139, $40.2, $40.58, $40.05
07/27/2016, $40.29, 1178610, $40.66, $40.74, $39.89
07/26/2016, $40.36, 1560207, $40.06, $40.41, $39.89
07/25/2016, $40.08, 693897, $40.42, $40.7, $39.995
07/22/2016, $40.55, 1889820, $39.98, $40.69, $39.77
07/21/2016, $40.17, 4627619, $40.05, $41.41, $40.04
07/20/2016, $39.56, 2764170, $39.39, $39.97, $39.07
07/19/2016, $39.04, 742058, $38.88, $39.17, $38.85
07/18/2016, $38.94, 642477, $38.75, $39.115, $38.75
07/15/2016, $38.73, 735016, $38.69, $39.17, $38.26
07/14/2016, $38.56, 455562, $38.51, $38.74, $37.25
07/13/2016, $38.28, 705137, $38.96, $39.032, $38.25
07/12/2016, $38.77, 869546, $38.96, $39.18, $38.45
07/11/2016, $38.61, 498594, $38.52, $38.91, $38.23
07/08/2016, $38.36, 841116, $37.72, $38.53, $37.46
07/07/2016, $37.39, 507423, $37.44, $37.675, $37.22
07/06/2016, $37.34, 1216094, $37.29, $37.75, $36.93
07/05/2016, $37.35, 770118, $37.68, $38.75, $36.57
07/01/2016, $37.9, 1232242, $37.58, $38.17, $37.5243
06/30/2016, $37.58, 1487751, $36.27, $37.59, $36.13
06/29/2016, $36.27, 1358915, $35.62, $36.43, $35.45
06/28/2016, $35.19, 742187, $35.3, $35.66, $34.9
06/27/2016, $34.95, 1224184, $36.33, $36.35, $34.68
06/24/2016, $36.75, 2456679, $37.78, $38.03, $36.66
06/23/2016, $39.39, 678070, $39.08, $39.44, $38.9
06/22/2016, $38.62, 743445, $39.2, $39.28, $38.6
06/21/2016, $39.11, 736001, $38.9, $39.33, $38.9
06/20/2016, $38.98, 817068, $38.74, $39.4, $38.73
06/17/2016, $38.38, 1384612, $38.94, $39.21, $38.35
06/16/2016, $38.8, 1142847, $37.98, $38.83, $37.89
06/15/2016, $38.23, 1216423, $37.76, $38.75, $37.61
06/14/2016, $37.75, 1371015, $37.17, $37.88, $36.9671
06/13/2016, $37.2, 1422940, $36.83, $37.56, $36.8
06/10/2016, $37.03, 569621, $37.61, $37.71, $36.91
06/09/2016, $37.88, 822789, $37.88, $38.34, $37.65
06/08/2016, $38.15, 1181672, $37.29, $38.21, $37.21
06/07/2016, $37.29, 545542, $37.28, $37.45, $37.15
06/06/2016, $37.34, 895315, $36.59, $37.52, $36.45
06/03/2016, $36.48, 827826, $36.46, $36.52, $35.76
06/02/2016, $36.46, 1104609, $35.95, $36.47, $35.56
06/01/2016, $35.97, 865852, $35.59, $36.02, $35.53
05/31/2016, $35.74, 578873, $35.96, $36.13, $35.61
05/27/2016, $35.95, 559924, $35.71, $36.06, $35.66
05/26/2016, $35.76, 618180, $35.89, $36.21, $35.57
05/25/2016, $35.83, 997764, $36.23, $36.38, $35.81
05/24/2016, $36.08, 840917, $35.51, $36.32, $35.47
05/23/2016, $35.37, 615177, $35.61, $35.86, $35.33
05/20/2016, $35.66, 670177, $35.06, $35.7, $34.97
05/19/2016, $34.98, 492493, $34.99, $35.33, $34.64
05/18/2016, $35.13, 424991, $35.08, $35.53, $34.81
05/17/2016, $35.32, 609283, $35.62, $36, $35.095
05/16/2016, $35.73, 482843, $35.12, $35.94, $35.12
05/13/2016, $35.38, 1065814, $35.61, $35.69, $34.8
05/12/2016, $35.84, 536385, $36.22, $36.6, $35.56
05/11/2016, $36.16, 626960, $36.18, $36.66, $35.9237
05/10/2016, $36.31, 562203, $35.51, $36.35, $35.41
05/09/2016, $35.57, 444042, $35.48, $35.972, $35.085
05/06/2016, $35.58, 464213, $35.24, $35.59, $34.89
05/05/2016, $35.53, 602883, $35.62, $36, $35.29
05/04/2016, $35.73, 898260, $36.17, $36.3, $35.32
05/03/2016, $36.49, 495363, $36.44, $36.95, $36.07
05/02/2016, $36.97, 731606, $36.25, $37.04, $36.18
04/29/2016, $36.46, 525796, $36.56, $36.78, $36.16
04/28/2016, $36.68, 676168, $36.68, $37.04, $36.53
04/27/2016, $36.96, 680995, $36.92, $37.28, $36.37
04/26/2016, $37.04, 505293, $36.79, $37.19, $36.62
04/25/2016, $36.85, 766886, $37.08, $37.36, $36.4
04/22/2016, $37.02, 1857776, $37.41, $37.6556, $36.54
04/21/2016, $37.55, 3068491, $37.39, $38.5, $36
04/20/2016, $34.21, 1269838, $33.76, $34.7, $33.395
04/19/2016, $33.68, 481076, $33.4, $33.72, $33.06
04/18/2016, $33.38, 269488, $33.13, $33.49, $33.02
04/15/2016, $33.29, 1114476, $32.7, $33.29, $32.65
04/14/2016, $32.74, 440150, $32.9, $32.99, $32.57
04/13/2016, $32.96, 420307, $32.43, $33, $32.43
04/12/2016, $32.29, 395367, $32.36, $32.54, $31.99
04/11/2016, $32.38, 616306, $31.96, $32.74, $31.96
04/08/2016, $31.96, 391783, $32.49, $32.715, $31.58
04/07/2016, $32.2, 336538, $32.45, $32.61, $32.01
04/06/2016, $32.65, 328711, $31.64, $32.66, $31.61
04/05/2016, $32.1, 195684, $32.42, $32.51, $32.01
04/04/2016, $32.63, 372283, $33, $33.05, $32.59
04/01/2016, $33, 512437, $32.85, $33.1, $32.58
03/31/2016, $33.16, 485107, $32.83, $33.27, $32.75
03/30/2016, $32.93, 345143, $33.1, $33.26, $32.4
03/29/2016, $32.89, 524108, $31.88, $32.92, $31.87
03/28/2016, $32.03, 428278, $32.24, $32.69, $31.73
03/24/2016, $32.1, 295713, $31.37, $32.12, $31.17
03/23/2016, $31.59, 398087, $32.41, $32.53, $31.58
03/22/2016, $32.42, 314621, $32.18, $32.675, $32.15
03/21/2016, $32.28, 376427, $32.63, $32.69, $32.01
03/18/2016, $32.84, 847158, $32.08, $32.9995, $30.76
03/17/2016, $32.32, 355059, $31.85, $32.425, $31.58
03/16/2016, $31.84, 286002, $31.53, $31.855, $31.35
03/15/2016, $31.57, 470335, $31.56, $31.88, $31.46
03/14/2016, $31.69, 279635, $31.44, $31.83, $31.33
03/11/2016, $31.51, 302478, $31.42, $31.67, $31.34
03/10/2016, $31.21, 393174, $31.78, $31.99, $30.81
03/09/2016, $31.55, 373549, $31.62, $31.77, $31.07
03/08/2016, $31.51, 311757, $31.71, $31.89, $31.29
03/07/2016, $31.88, 757457, $32.02, $32.14, $30.15
03/04/2016, $32.18, 706707, $32.25, $32.48, $31.87
03/03/2016, $32.22, 383046, $32.01, $32.22, $31.59
03/02/2016, $32.12, 283224, $31.87, $32.16, $31.615
03/01/2016, $31.99, 457049, $31.17, $32, $31
02/29/2016, $30.91, 658351, $31.19, $31.47, $30.535
02/26/2016, $31.23, 536745, $30.89, $31.36, $30.76
02/25/2016, $30.8, 726968, $30.79, $31.28, $30.54
02/24/2016, $30.44, 746732, $29.72, $30.51, $29.52
02/23/2016, $30.02, 540821, $30.51, $30.51, $29.95
02/22/2016, $30.57, 475224, $30.31, $30.58, $30.08
02/19/2016, $30.1, 638227, $29.26, $30.11, $29.18
02/18/2016, $29.46, 642570, $29.81, $29.98, $29.34
02/17/2016, $29.68, 806768, $28.8, $29.71, $28.71
02/16/2016, $28.66, 684392, $28.94, $29.13, $28.58
02/12/2016, $28.63, 592928, $28.27, $28.67, $28.175
02/11/2016, $28.04, 918846, $27.49, $28.33, $27.44
02/10/2016, $27.78, 846439, $28, $29.48, $27.74
02/09/2016, $27.78, 737091, $27.36, $28.38, $27.31
02/08/2016, $27.71, 1199095, $27.5, $28.31, $27.06
02/05/2016, $28.11, 1153650, $29.24, $29.51, $27.82
02/04/2016, $29.59, 709254, $29.45, $30.05, $29.28
02/03/2016, $29.57, 663443, $29.54, $29.82, $28.79
02/02/2016, $29.42, 877711, $30.04, $30.25, $29.28
02/01/2016, $30.38, 1102796, $30.05, $30.5, $29.59
